id,name,desig,gen,rank,en,la,ar,zh,cz,fa,ee,fi,fr,de,el,it,ja,ko,hi,ru,es,tr,he,sw,ra,dec,scale
And,Andromeda,And,Andromedae,1,Andromeda,Andromeda,المرأة المسلسلة,仙女座,Andromeda,زن به زنجیر بسته,Andromeeda,Andromeda,Andromède,Andromeda,Ανδρομέδα,Andromeda,アンドロメダ座,안드로메다자리,देवयानी,Андромеда,Andrómeda,Andromeda,אנדרומדה,Mara,-350,37,115
Ant,Antlia,Ant,Antliae,3,Air Pump,Antlia,مفرغة الهواء,唧筒座,Vývěva,تلمبه,Pump,Ilmapumppu,Machine Pneumatique,Luftpumpe,Αντλία,Macchina Pneumatica,ポンプ座,공기펌프자리,वाताकर्षक,Насос,Máquina Neumática,Pompa,משאבה,Pampu,154.1067,-32.4836,60
Aps,Apus,Aps,Apodis,3,Bird of Paradise,Apus,طائر الفردوس,天燕座,Rajka,مرغ بهشتی,Paradiisilind,Paratiisilintu,Oiseau de Paradis,Paradiesvogel,Πτηνόν,Uccello del Paradiso,ふうちょう座,극락조자리,कपोत,Райская Птица,Ave del Paraíso,Cennetkuşu,ציפור גן עדן,Ndege wa Peponi,-118,-75,47
Aqr,Aquarius,Aqr,Aquarii,2,Aquarius,Aquarius,الدلو,寶瓶座,Vodnář,آب‌ریز,Veevalaja,Vesimies,Verseau,Wassermann,Υδροχόος,Acquario,みずがめ座,물병자리,कुंभ,Водолей,Acuario,Kova,דלי,Ndoo,-25,-11,115
Aql,Aquila,Aql,Aquilae,1,Eagle,Aquila,العقاب,天鷹座,Orel,شاهین,Kotkas,Kotka,Aigle,Adler,Αετός,Aquila,わし座,독수리자리,गरुड,Орёл,Águila,Kartal,נשר,Ukabu,-64.9946,3.4109,64
Ara,Ara,Ara,Arae,3,Altar,Ara,المجمرة,天壇座,Oltář,آتش‌دان,Altar,Alttari,Autel,Altar,Βωμός,Altare,さいだん座,제단자리,पीठ,Жертвенник,Altar,Sunak,מזבח,Madhabahu,-99.3786,-56.5883,59
Ari,Aries,Ari,Arietis,1,Ram,Aries,الحمل,白羊座,Beran,بره,Jäär,Oinas,Bélier,Widder,Κριός,Ariete,おひつじ座,양자리,मेष,Овен,Carnero,Koç,טלה,Kondoo,39.5412,20.7923,61
Aur,Auriga,Aur,Aurigae,1,Charioteer,Auriga,ممسك الأعنة,御夫座,Vozka,ارّابه‌ران,Veomees,Ajomies,Cocher,Fuhrmann,Ηνίοχος,Auriga,ぎょしゃ座,마차부자리,सारथी,Возничий,Cochero,Arabacı,עגלון,Hudhi,91,42,88
Boo,Boötes,Boo,Boötis,1,Herdsman,Bootes,العواء,牧夫座,Pastýř,مَتراک,Karjane,Karhunvartija,Bouvier,Bärenhüter,Βοώτης,Boote,うしかい座,목동자리,भूतप,Волопас,Boyero,Çoban,רועה דובים,Bakari,-140,31,108
Cae,Caelum,Cae,Caeli,3,Graving tool,Caelum,آلة النقاش,雕具座,Rydlo,اِسکِنِه,Uurits,Veistotaltta,Burin,Grabstichel,Γλυφείον,Bulino dello Incisore,ちょうこくぐ座,조각칼자리,टंक,Резец,Cincel,Çelikkalem,מפסלת,Patasi,70.5687,-37.8817,46
Cam,Camelopardalis,Cam,Camelopardalis,2,Giraffe,Camelopardalis,الزرافة,鹿豹座,Žirafa,زرّافه,Kaelkirjak,Kirahvi,Girafe,Giraffe,Καμηλοπάρδαλις,Giraffa,きりん座,기린자리,करभ,Жираф,Jirafa,Zürafa,ג'ירף,Twiga,80,70,160
Cnc,Cancer,Cnc,Cancri,2,Crab,Cancer,السرطان,巨蟹座,Rak,خرچنگ,Vähk,Krapu,Cancer,Krebs,Καρκίνος,Cancro,かに座,게자리,कर्क,Рак,Cangrejo,Yengeç,סרטן,Nge,129.7392,19.8058,57
CVn,Canes Venatici,CVn,Canum Venaticorum,2,Hunting Dogs,Canes Venatici,السلوقيان,獵犬座,Honicí psi,تازی‌ها,Jahipenid,Ajokoirat,Chiens de Chasse,Jagdhunde,Κύνες Θηρευτικοί,Cani da Caccia,りょうけん座,사냥개자리,श्याम शबल,Гончие Псы,Lebreles,Av Köpekleri,כלבי ציד,Mbwa wawindaji,-163.2598,40.1018,65
CMa,Canis Major,CMa,Canis Majoris,1,Great Dog,Canis Maior,الكلب الأكبر,大犬座,Velký pes,سگِ مِهتَر,Suur Peni,Iso koira,Grand Chien,Großer Hund,Κύων Μέγας,Cane Maggiore,おおいぬ座,큰개자리,बृहद् लुब्धक,Большой Пёс,Perro Mayor,Büyük Köpek,כלב גדול,Mbwa Mkubwa,102.4362,-22.1403,54
CMi,Canis Minor,CMi,Canis Minoris,2,Little Dog,Canis Minor,الكلب الأصغر,小犬座,Malý pes,سگِ کِهتَر,Väike Peni,Pieni koira,Petit Chien,Kleiner Hund,Κύων Μικρός,Cane Minore,こいぬ座,작은개자리,लघु लुब्धक,Малый Пёс,Perro Menor,Küçük Köpek,כלב קטן,Mbwa Mdogo,114.7929,6.4272,51
Cap,Capricornus,Cap,Capricorni,2,Capricorn,Capricornus,الجدي,摩羯座,Kozoroh,بُزماهی,Kaljukits,Kauris,Capricorne,Steinbock,Αιγόκερως,Capricorno,やぎ座,염소자리,मकर,Козерог,Capricornio,Oğlak,גדי,Mbuzi,-44.268,-18.0232,63
Car,Carina,Car,Carinae,1,Keel,Carina,القاعدة,船底座,Lodní kýl,شاه‌تخته,Kiil,Köli,Carène,Kiel des Schiffs,Τρόπις,Carena,りゅうこつ座,용골자리,नौकातल,Киль,Carina,Karina,שדרית,Mkuku,130.4248,-63.2193,114
Cas,Cassiopeia,Cas,Cassiopeiae,1,Cassiopeia,Cassiopeia,الكرسي,仙后座,Kasiopeja,خداوندِ اورُنگ,Kassiopeia,Kassiopeia,Cassiopée,Kassiopeia,Κασσιόπη,Cassiopeia,カシオペヤ座,카시오페이아자리,शर्मिष्ठा,Кассиопея,Casiopea,Koltuk,קסיופאה,Mke wa Kurusi,-340.2111,62.184,106
Cen,Centaurus,Cen,Centauri,1,Centaur,Centaurus,قنطور,半人馬座,Kentaur,قنطورُس,Kentaur,Kentauri,Centaure,Zentaur,Κένταυρος,Centauro,ケンタウルス座,센타우루스자리,नरतुरंग,Центавр,Centauro,Erboğa,קנטאור,Kantarusi,-164,-47,115
Cep,Cepheus,Cep,Cephei,2,Cepheus,Cepheus,الملتهب,仙王座,Kefeus,کیکاوُس,Kefeus,Kefeus,Céphée,Kepheus,Κηφεύς,Cefeo,ケフェウス座,세페우스자리,वृषपर्वा,Цефей,Cefeo,Kral,קפאוס,Kifausi,-18,73,78
Cet,Cetus,Cet,Ceti,1,Whale,Cetus,قيطس,鯨魚座,Velryba,وال,Vaal,Valaskala,Baleine,Walfisch,Κήτος,Balena,くじら座,고래자리,तिमिंगिल,Кит,Ballena,Balina,לווייתן,Ketusi,-335,-7,117
Cha,Chamaeleon,Cha,Chamaeleontis,3,Chamaeleon,Chamaeleon,الحرباء,蝘蜒座,Chameleón,هورپا,Kameeleon,Kameleontti,Caméléon,Chamäleon,Χαμαιλέων,Camaleonte,カメレオン座,카멜레온자리,वायुभक्ष,Хамелеон,Camaleón,Bukalemun,זיקית,Kinyonga,160,-79,95
Cir,Circinus,Cir,Circini,3,Compass,Circinus,البيكار,圓規座,Kružítko,دوپَرگار,Sirkel,Harppi,Compas,Zirkel,Διαβήτης,Compasso,コンパス座,컴퍼스자리,कर्काटक,Циркуль,Compás,Pergel,מחוגה,Bikari,-141.365,-63.0304,63
Col,Columba,Col,Columbae,3,Dove,Columba,الحمامة,天鴿座,Holubice,کبوتر,Tuvi,Kyyhkynen,Colombe,Taube,Περιστερά,Colomba,はと座,비둘기자리,पारावत,Голубь,Paloma,Güvercin,יונה,Njiwa,87.9392,-35.0944,59
Com,Coma Berenices,Com,Comae Berenices,3,Berenice's Hair,Coma Berenices,الهلبة,后髮座,Vlasy Bereniky,گیسویِ بِرِنیسه,Berenike Juuksed,Bereniken hiukset,Chevelure de Bérénice,Haar der Berenike,Κόμη Βερενίκης,Chioma di Berenice,かみのけ座,머리털자리,अरुंधती केश,Волосы Вероники,Pelo de Berenice,Berenis'in Saçı,שיערות ברניקי,Nywele za Berenike,-168.1833,23.3057,59
CrA,Corona Austrina,CrA,Coronae Austrini,3,Southern Crown,Corona Australis,الإكليل الجنوبي,南冕座,Jižní koruna,افسرِ نیم‌روز,Lõunakroon,Etelän kruunu,Couronne Australe,Südliche Krone,Στέφανος Νότιος,Corona Australe,みなみのかんむり座,남쪽왕관자리,दक्षिण मुकुट,Южная Корона,Corona Austral,Güneytacı,כתר דרומי,Kobe,-80.3024,-41.1475,55
CrB,Corona Borealis,CrB,Coronae Borealis,2,Northern Crown,Corona Borealis,الإكليل الشمالي,北冕座,Severní koruna,افسرِ شمالی,Põhjakroon,Pohjan kruunu,Couronne Boréale,Nördliche Krone,Στέφανος Βόρειος,Corona Boreale,かんむり座,북쪽왕관자리,उत्तर मुकुट,Северная Корона,Corona Boreal,Kuzeytacı,כתר צפוני,Kasi ya Masakini,-122.3521,32.6249,52
Crv,Corvus,Crv,Corvi,3,Crow,Corvus,الغراب,烏鴉座,Havran,کلاغ,Kaaren,Korppi,Corbeau,Rabe,Κόραξ,Corvo,からす座,까마귀자리,ध्वांक्ष,Ворон,Cuervo,Karga,עורב,Ghurabu,-173.3709,-18.4366,50
Crt,Crater,Crt,Crateris,3,Cup,Crater,الباطية,巨爵座,Pohár,پیاله,Karikas,Malja,Coupe,Becher,Κρατήρ,Coppa,コップ座,컵자리,चषक,Чаша,Copa,Kupa,גביע,Batiya,170.9371,-15.929,51
Cru,Crux,Cru,Crux,2,Cross,Crux,صليب الجنوب,南十字座,Jižní kříž,چَلیپا,Lõunarist,Etelän risti,Croix du Sud,Kreuz des Südens,Σταυρός Νότιος,Croce del Sud,みなみじゅうじ座,남십자자리,त्रिशंकु,Южный Крест,Cruz del Sur,Haç,הצלב הדרומי,Salibu,-173.2521,-60.1864,50
Cyg,Cygnus,Cyg,Cygni,1,Swan,Cygnus,الدجاجة,天鵝座,Labuť,قو,Luik,Joutsen,Cygne,Schwan,Κύκνος,Cigno,はくちょう座,고니자리,हंस,Лебедь,Cisne,Kuğu,ברבור,Dajaja,-51.1804,44.5451,79
Del,Delphinus,Del,Delphini,3,Dolphin,Delphinus,الدلفين,海豚座,Delfín,دُلفین,Delfiin,Delfiini,Dauphin,Delphin,Δελφίν,Delfino,いるか座,돌고래자리,तिमि,Дельфин,Delfín,Yunus,דולפין,Dalufnin,-49.5963,11.671,49
Dor,Dorado,Dor,Doradus,3,Goldfish,Dorado,أبو سيف,劍魚座,Mečoun,زَرماهی,Kuldkala,Kultakala,Dorade,Goldfisch,Δοράς,Pesce Dorato,かじき座,황새치자리,असिदंष्ट्र,Золотая Рыба,Pez dorado,Kılıçbalığı,דג זהב,Panji,78.628,-59.3871,76
Dra,Draco,Dra,Draconis,2,Dragon,Draco,التنين,天龍座,Drak,اژدها,Lohe,Lohikäärme,Dragon,Drache,Δράκων,Dragone,りゅう座,용자리,कालेय,Дракон,Dragón,Ejderha,דרקון,Tinini,-132.8393,67.0066,208
Equ,Equuleus,Equ,Equulei,3,Colt,Equuleus,قطعة الفرس,小馬座,Koníček,پاره‌یِ اسب,Hobu,Pieni hevonen,Petit Cheval,Füllen,Ιππάριον,Cavallo,こうま座,조랑말자리,अश्वमुख,Малый Конь,Caballito,Tay,סוסון,Mwanafarasi,-42.1855,7.7582,43
Eri,Eridanus,Eri,Eridani,1,Eridanus,Eridanus,النهر,波江座,Eridanus,رودخانه,Eriidanus,Eridanus,Eridan,Eridanus,Ηριδανός,Fiume Eridano,エリダヌス座,에리다누스자리,यमुना,Эридан,Erídano,Irmak,ארידנוס,Nahari,50,-28,129
For,Fornax,For,Fornacis,3,Furnace,Fornax,الكور,天爐座,Pec,کوره,Ahi,Sulatusuuni,Fourneau,Chemischer Ofen,Κάμινος,Fornace,ろ座,화로자리,अश्मंत,Печь,Horno,Ocak,תנור,Tanuri,41.9698,-31.6346,66
Gem,Gemini,Gem,Geminorum,1,Twins,Gemini,التوأمان,雙子座,Blíženci,دوپیِکَر,Kaksikud,Kaksoset,Gémeaux,Zwillinge,Δίδυμοι,Gemelli,ふたご座,쌍둥이자리,मिथुन,Близнецы,Gemelos,İkizler,תאומים,Mapacha,106.0592,22.6002,67
Gru,Grus,Gru,Gruis,3,Crane,Grus,الكركي,天鶴座,Jeřáb,دُرنا,Kurg,Kurki,Grue,Kranich,Γερανός,Gru,つる座,두루미자리,बक,Журавль,Grulla,Turna,עגור,Kuruki,-23.1517,-46.3518,65
Her,Hercules,Her,Herculis,2,Hercules,Hercules,الجاثي,武仙座,Herkules,بر زانو نشسته,Herkules,Herkules,Hercule,Herkules,Ηρακλής,Ercole,ヘルクレス座,허큘리스자리,शौरि,Геркулес,Hércules,Herkül,הרקולס,Rakisi,-99,27,107
Hor,Horologium,Hor,Horologii,3,Clock,Horologium,الساعة,時鐘座,Hodiny,ساعت,Kell,Heilurikello,Horloge,Pendeluhr,Ωρολόγιον,Orologio,とけい座,시계자리,कालयंत्र,Часы,Reloj,Saat,שעון מטוטלת,Saa,49.1394,-53.3363,67
Hya,Hydra,Hya,Hydrae,2,Sea Serpent,Hydra,الحية,長蛇座,Hydra,آب‌مار,Hüdra,Vesikäärme,Hydre Femelle,Wasserschlange,Ύδρα,Idra femmina,うみへび座,바다뱀자리,वासुकि,Гидра,Hidra,Suyılanı,נחש מים/N,Shuja,174,-14,173
Hyi,Hydrus,Hyi,Hydri,3,Hydrus,Hydrus,ثعبان البحر,水蛇座,Malý vodní had,نَرمار,Lõunahüdra,Etelän vesikäärme,Hydre Mâle,Kleine Männliche Wasserschlange,Ύδρος,Idra maschio,みずへび座,물뱀자리,अलगर्द,Южная Гидра,Hidra Macho,Küçük suyılanı,נחש מים קטן,Nyoka Maji,35.1637,-69.9564,102
Ind,Indus,Ind,Indi,3,Indian,Indus,الهندي,印第安座,Indián,هندی,Indiaanlane,Intiaani,Indien,Inder,Ινδός,Indiano,インディアン座,인디언자리,यम,Индеец,Indio,Hintli,אינדיאני,Mhindi,-40,-63,75
Lac,Lacerta,Lac,Lacertae,3,Lizard,Lacerta,العظاءة,蠍虎座,Ještěrka,چَلپاسه,Sisalik,Sisilisko,Lézard,Eidechse,Σαύρα,Lucertola,とかげ座,도마뱀자리,सरठ,Ящерица,Lagarto,Kertenkele,לטאה,Mjusi,-23.079,46.0418,50
Leo,Leo,Leo,Leonis,1,Lion,Leo,الأسد,獅子座,Lev,شیر,Lõvi,Leijona,Lion,Löwe,Λέων,Leone,しし座,사자자리,सिंह,Лев,León,Aslan,אריה,Simba,160,13,95
LMi,Leo Minor,LMi,Leonis Minoris,3,Little Lion,Leo Minor,الأسد الأصغر,小獅座,Malý lev,شیرِ کِهتَر,Väike Lõvi,Pieni leijona,Petit Lion,Kleiner Löwe,Λέων Μικρός,Leone Minore,こじし座,작은사자자리,लघु सिंह,Малый Лев,León Menor,Küçük Aslan,אריה קטן,Simba Mdogo,153.6801,32.1346,61
Lep,Lepus,Lep,Leporis,3,Hare,Lepus,الأرنب,天兔座,Zajíc,خرگوش,Jänes,Jänis,Lièvre,Hase,Λαγωός,Lepre,うさぎ座,토끼자리,शशक,Заяц,Conejo,Tavşan,ארנבת,Arinabu,83.4875,-19.0463,54
Lib,Libra,Lib,Librae,2,Balance,Libra,الميزان,天秤座,Váhy,ترازو,Kaalud,Vaaka,Balance,Waage,Ζυγός,Bilancia,てんびん座,천칭자리,तुळ,Весы,Balanza,Terazi,מאזניים,Mizani,-132.0099,-15.2346,60
Lup,Lupus,Lup,Lupi,3,Wolf,Lupus,السبع,豺狼座,Vlk,گُرگ,Hunt,Susi,Loup,Wolf,Λύκος,Lupo,おおかみ座,이리자리,वृक,Волк,Lobo,Kurt,זאב,Dhibu,-131.6985,-42.7089,63
Lyn,Lynx,Lyn,Lyncis,3,Lynx,Lynx,الوشق,天貓座,Rys,سیاه‌گوش,Ilves,Ilves,Lynx,Luchs,Λυγξ,Lince,やまねこ座,살쾡이자리,गवय,Рысь,Lince,Vaşak,לינקס,Washaki,119.8833,47.4666,87
Lyr,Lyra,Lyr,Lyrae,2,Lyre,Lyra,القيثارة,天琴座,Lyra,چَنگِ رومی,Lüüra,Lyyra,Lyre,Leier,Λύρα,Lira,こと座,거문고자리,स्वरमंडळ,Лира,Lira,Çalgı,נבל,Shaliaki,-77.2067,36.6893,54
Men,Mensa,Men,Mensae,3,Mensa,Mensa,الجبل,山案座,Tabulová hora,کوه‌میز,Lavamägi,Pöytävuori,Table,Tafelberg,Τράπεζα,Mensa,テーブルさん座,테이블산자리,त्रिकुट,Столовая Гора,Mesa,Masa,הר השולחן,Meza,81.2238,-77.5041,101
Mic,Microscopium,Mic,Microscopii,3,Microscope,Microscopium,المجهر,顯微鏡座,Mikroskop,ریزبین,Mikroskoop,Mikroskooppi,Microscope,Mikroskop,Μικροσκόπιον,Microscopio,けんびきょう座,현미경자리,सूक्ष्मदर्शी,Микроскоп,Microscopio,Mikroskop,מיקרוסקופ,Hadubini,-45.5299,-36.2748,50
Mon,Monoceros,Mon,Monocerotis,2,Unicorn,Monoceros,وحيد القرن,麒麟座,Jednorožec,تک‌شاخ,Ükssarvik,Yksisarvinen,Licorne,Einhorn,Μονόκερως,Unicorno,いっかくじゅう座,외뿔소자리,शृंगाश्व,Единорог,Unicornio,Tekboynuz,חד קרן,Munukero,105,0,73
Mus,Musca,Mus,Muscae,3,Fly,Musca,الذبابة,蒼蠅座,Moucha,مَگَس,Kärbes,Kärpänen,Mouche,Fliege,Μυία,Mosca,はえ座,파리자리,मक्षिका,Муха,Mosca,Sinek,זבוב,Nzi,-171.1808,-70.161,73
Nor,Norma,Nor,Normae,3,Level,Norma,مربع النجار,矩尺座,Pravítko,چارگوش,Vinkel,Kulmaviivoitin,Règle,Winkelmaß,Γνώμων,Squadra,じょうぎ座,직각자자리,रेखाटणी,Наугольник,Escuadra,Cetvel,סרגל,Pembemraba,-121.4543,-51.3515,56
Oct,Octans,Oct,Octantis,3,Octant,Octans,الثمن,南極座,Oktant,هَشتَک,Oktant,Oktantti,Octant,Oktant,Οκτάς,Ottante,はちぶんぎ座,팔분의자리,अष्टक,Октант,Bastón,Sekizlik,אוקטנט,Thumni,-30,-83,50
Oph,Ophiuchus,Oph,Ophiuchi,2,Ophiuchus,Ophiuchus,الحواء,蛇夫座,Hadonoš,ماراَفسای,Maokandja,Käärmeenkantaja,Ophiuchus,Schlangenträger,Οφιούχος,Ofiucho,へびつかい座,뱀주인자리,भुजंगधारी,Змееносец,Ofiuco,Yılancı,נושא הנחש,Hawaa,-99,-7,105
Ori,Orion,Ori,Orionis,1,Orion,Orion,الجبار,獵戶座,Orion,شکارچی,Orion,Orion,Orion,Orion,Ωρίων,Orione,オリオン座,오리온자리,मृग,Орион,Orión,Avcı,אוריון,Jabari,83,6,75
Pav,Pavo,Pav,Pavonis,2,Peacock,Pavo,الطاووس,孔雀座,Páv,طاووس,Paabulind,Riikinkukko,Paon,Pfau,Ταώς,Pavone,くじゃく座,공작자리,मयुर,Павлин,Pavo,Tavus,טווס,Tausi,-65.8235,-65.7815,93
Peg,Pegasus,Peg,Pegasi,1,Pegasus,Pegasus,الفرس الأعظم,飛馬座,Pegas,اسب بال‌دار,Pegasus,Pegasus,Pégase,Pegasus,Πήγασος,Pegaso,ペガスス座,페가수스자리,उच्चै:श्रवा,Пегас,Pegaso,Kanatlıat,פגסוס,Farasi,-19,19,95
Per,Perseus,Per,Persei,1,Perseus,Perseus,حامل رأس الغول,英仙座,Perseus,پَرساوُش,Perseus,Perseus,Persée,Perseus,Περσεύς,Perseo,ペルセウス座,페르세우스자리,ययाती,Персей,Perseo,Kahraman,פרסאוס,Farisi,47.6241,45.0132,85
Phe,Phoenix,Phe,Phoenicis,2,Phoenix,Phoenix,العنقاء,鳳凰座,Fénix,سیمرغ,Fööniks,Feeniks,Phénix,Phoenix,Φοίνιξ,Fenice,ほうおう座,봉황자리,जटायू,Феникс,Fénix,Anka,עוף החול,Zoraki,-346.0216,-48.5762,80
Pic,Pictor,Pic,Pictoris,3,Painter,Pictor,آلة الرسام,繪架座,Malíř,سه‌پایه,Maalija,Maalari,Peintre,Maler,Οκρίβας,Pittore,がか座,화가자리,चित्रफलक,Живописец,Paleta del Pintor,Ressam,כן ציור,Mchoraji,85.6144,-53.4741,70
Psc,Pisces,Psc,Piscium,2,Fishes,Pisces,الحوت,雙魚座,Ryby,دوماهی,Kalad,Kalat,Poissons,Fische,Ιχθύες,Pesci,うお座,물고기자리,मीन,Рыбы,Peces,Balık,דגים,Samaki,-353,14,125
PsA,Piscis Austrinus,PsA,Piscis Austrini,2,Southern Fish,Piscis Austrinus,الحوت الجنوبي,南魚座,Jižní ryba,ماهیِ نیم‌روزی,Lõunakala,Etelän kala,Poisson Austral,Südlicher Fisch,Ιχθύς Νότιος,Pesce Australe,みなみのうお座,남쪽물고기자리,दक्षिण मत्स्य,Южная Рыба,Pez Austral,Güneybalığı,דג דרומי,Hutu Junubi,-25.7324,-30.6422,60
Pup,Puppis,Pup,Puppis,2,Poop Deck,Puppis,الكوثل,船尾座,Lodní záď,کشتی‌دُم,Ahter,Peräkeula,Poupe,Achterdeck,Πρύμνη,Poppa,とも座,고물자리,नौका अरित्र,Корма,Popa,Pupa,ירכתי הספינה,Shetri,109,-31,91
Pyx,Pyxis,Pyx,Pyxidis,3,Compass,Pyxis,بيت الإبرة,羅盤座,Kompas,قطب‌نما,Kompass,Kompassi,Boussole,Schiffskompass,Πυξίς,Bussola,らしんばん座,나침반자리,दिग्दर्शक,Компас,Brújula,Kumpas,מצפן,Dira,134.2911,-27.3516,50
Ret,Reticulum,Ret,Reticuli,3,Net,Reticulum,الشبكة,網罟座,Síť,تاربَست,Võrk,Verkko,Réticule,Netz,Δίκτυον,Reticolo,レチクル座,그물자리,जाल,Сетка,Retículo,Ağcık,רשת,Nyavu,58.818600000000004,-59.9975,56
Sge,Sagitta,Sge,Sagittae,3,Arrow,Sagitta,السهم,天箭座,Šíp,پیکان,Nool,Nuoli,Flèche,Pfeil,Βέλος,Freccia,や座,화살자리,शर,Стрела,Flecha,Okçuk,חץ,Sagita,-65.237,18.8614,56
Sgr,Sagittarius,Sgr,Sagittarii,1,Archer,Sagittarius,الرامي,人馬座,Střelec,نیم‌اسب,Ambur,Jousimies,Sagittaire,Schütze,Τοξότης,Sagittario,いて座,궁수자리,धनु,Стрелец,Sagitario,Yay,קשת,Mshale,-73.5153,-28.4769,76
Sco,Scorpius,Sco,Scorpii,1,Scorpion,Scorpius,العقرب,天蠍座,Štír,کَژدُم,Skorpion,Skorpioni,Scorpion,Skorpion,Σκορπιός,Scorpione,さそり座,전갈자리,वृश्चिक,Скорпион,Escorpión,Akrep,עקרב,Nge,-106,-32,73
Scl,Sculptor,Scl,Sculptoris,3,Sculptor,Sculptor,معمل النحات,玉夫座,Sochař,سنگ‌تراش,Kujur,Kuvanveistäjä,Sculpteur,Bildhauer,Γλύπτης,Scultore,ちょうこくしつ座,조각가자리,पाषाणकुट्टक,Скульптор,Escultor,Heykeltraş,פסל,Najari,-353.4301,-32.0884,75
Sct,Scutum,Sct,Scuti,3,Shield,Scutum,الترس,盾牌座,Štít,سِپَر,Kilp,Kilpi,Écu de Sobieski,Schild,Ασπίς,Scudo,たて座,방패자리,फलक,Щит,Escudo,Kalkan,מגן,Ngao,-79.9036,-9.8886,44
Ser,Serpens Caput,Ser,Serpentis,3,Serpent,Serpens,الحية,巨蛇座,Had,افعی,Madu,Käärme,Serpent,Schlange,Όφις,Serpente,へび座,뱀자리,भुजंग,Змея,Serpiente,Yılan,נחש,Hayya,-104,5,145
Ser,Serpens Cauda,Ser,Serpentis,3,Serpent,Serpens,الحية,巨蛇座,Had,افعی,Madu,Käärme,Serpent,Schlange,Όφις,Serpente,へび座,뱀자리,भुजंग,Змея,Serpiente,Yılan,נחש,Hayya,-104,5,145
Sex,Sextans,Sex,Sextantis,3,Sextant,Sextans,السدس,六分儀座,Sextant,سِکِستان,Sekstant,Sekstantti,Sextant,Sextant,Εξάς,Sestante,ろくぶんぎ座,육분의자리,षडंश,Секстант,Sextante,Altılık,סקסטנט,Sudusi,154.0731,-2.6147,53
Tau,Taurus,Tau,Tauri,1,Bull,Taurus,الثور,金牛座,Býk,گاو,Sõnn,Härkä,Taureau,Stier,Ταύρος,Toro,おうし座,황소자리,वृषभ,Телец,Toro,Boğa,שור,Ng'ombe,70,15,94
Tel,Telescopium,Tel,Telescopii,3,Telescope,Telescopium,المرقب,望遠鏡座,Dalekohled,تِلِسکوپ,Teleskoop,Kaukoputki,Télescope,Teleskop,Τηλεσκόπιον,Telescopio,ぼうえんきょう座,망원경자리,दूरदर्शी,Телескоп,Telescopio,Dürbün,טלסקופ,Darubini,-70.1161,-51.0369,70
Tri,Triangulum,Tri,Trianguli,3,Triangle,Triangulum,المثلث,三角座,Trojúhelník,سه‌گوش,Kolmnurk,Kolmio,Triangle,Dreieck,Τρίγωνον,Triangolo,さんかく座,삼각형자리,त्रिकोण,Треугольник,Triángulo,Üçgen,משולש,Pembetatu,32.7664,31.4761,55
TrA,Triangulum Australe,TrA,Trianguli Australis,2,Southern Triangle,Triangulum Australe,المثلث الجنوبي,南三角座,Jižní trojúhelník,سه‌گوشِ جنوبی,Lõunakolmnurk,Etelän kolmio,Triangle Austral,Südliches Dreieck,Τρίγωνον Νότιον,Triangolo Australe,みなみのさんかく座,남쪽삼각형자리,दक्षिण त्रिकोण,Южный Треугольник,Triángulo Austral,Güney Üçgeni,משולש צפוני,Pembetatu ya Kusini,-118.7628,-65.388,69
Tuc,Tucana,Tuc,Tucanae,3,Toucan,Tucana,الطوقان,杜鵑座,Tukan,توکایی,Tuukan,Tukaani,Toucan,Tukan,Τουκάνα,Tucano,きょしちょう座,큰부리새자리,कारंडव,Тукан,Tucán,Tukan,טוקאן,Tukani,-3.34,-65.83,84
UMa,Ursa Major,UMa,Ursae Majoris,1,Big Dipper,Ursa Maior,الدب الأكبر,大熊座,Velká medvědice,خِرسِ مِهتَر,Suur Vanker,Iso karhu,Grande Ourse,Großer Bär,Άρκτος Μεγάλη,Orsa Maggiore,おおぐま座,큰곰자리,सप्तर्षी,Большая Медведица,Osa Mayor,Büyük Ayı,הדובה הגדולה,Dubu Mkubwa,169.6902,50.7212,130
UMi,Ursa Minor,UMi,Ursae Minoris,2,Little Dipper,Ursa Minor,الدب الأصغر,小熊座,Malý medvěd,خِرسِ کِهتَر,Väike Vanker,Pieni karhu,Petite Ourse,Kleiner Bär,Άρκτος Μικρή,Orsa Minore,こぐま座,작은곰자리,लघु ऋक्ष,Малая Медведица,Osa Menor,Küçük Ayı,הדובה הקטנה,Dubu Mdogo,-140,78,42
Vel,Vela,Vel,Velorum,2,Sails,Vela,الشجاع,船帆座,Plachty,بادبان‌ها,Purjed,Purje,Voiles,Segel,Ιστία,Vela,ほ座,돛자리,नौ-शीर्ष,Паруса,Vela,Yelken,מפרש,Tanga,143.6591,-47.1672,81
Vir,Virgo,Vir,Virginis,1,Virgin,Virgo,العذراء,處女座,Panna,خوشه,Neitsi,Neitsyt,Vierge,Jungfrau,Παρθένος,Vergine,おとめ座,처녀자리,कन्या,Дева,Virgen,Başak,בתולה,Mashuke,-158,-4,120
Vol,Volans,Vol,Volantis,3,Flying Fish,Volans,السمكة الطائرة,飛鱼座,Létající ryba,ماهیِ پرنده,Lendkala,Lentokala,Poisson Volant,Fliegender Fisch,Ιχθύς Ιπτάμενος,Pesce volante,とびうお座,날치자리,तिमि,Летучая Рыба,Pez Volador,Uçanbalık,דג מעופף,Panzimaji,116.9327,-69.8012,73
Vul,Vulpecula,Vul,Vulpeculae,3,Little Fox,Vulpecula,الثعلب,狐狸座,Lištička,روباه,Rebane,Kettu,Petit Renard,Fuchs,Αλώπηξ,Volpetta,こぎつね座,작은여우자리,जंबुक,Лисичка,Zorro,Tilkicik,שועלון,Mbweha,-56.5304,24.4427,73
